"Mean","2.5%","97.5%","Region"
3.82231911261814,3.45390298764891,4.18482467831132,"HSE Dublin and Midlands"
2.17506239978897,1.93816330080917,2.40879970461828,"HSE Dublin and North East"
2.86848965463735,2.59645477121087,3.13413953475394,"HSE Dublin and South East"
7.96476493286081,7.37094600446678,8.54578093325728,"HSE Mid West"
4.2686626248188,3.82482421637806,4.70487792100751,"HSE South West"
6.18440252794809,5.66515481724341,6.6979751783973,"HSE West and North West"
