"Mean","2.5%","97.5%","Region"
0.337143182021367,-0.172549644185904,0.835082219675076,"HSE Dublin and Midlands"
0.489130198504035,0.15832067530844,0.812943657459029,"HSE Dublin and North East"
0.461417370399539,0.0811640035453704,0.831383522009817,"HSE Dublin and South East"
-0.524877305222407,-1.35698491670689,0.27282670466062,"HSE Mid West"
0.672417369640504,0.0610537429248917,1.2777730084176,"HSE South West"
-0.110536960071709,-0.830763593112456,0.597524544257519,"HSE West and North West"
