"Mean","2.5%","97.5%","Region"
0.736220136358396,0.235312661312812,1.23805667127151,"HSE Dublin and Midlands"
0.290969038931725,-0.0342267413413994,0.614278339232002,"HSE Dublin and North East"
0.197330863988131,-0.172768923982072,0.568010629644846,"HSE Dublin and South East"
0.4885619972564,-0.31951252946738,1.2980408211632,"HSE Mid West"
0.279202154810757,-0.322003639903919,0.887918591332138,"HSE South West"
0.299664261435142,-0.411053665397019,1.00895764248456,"HSE West and North West"
